<?xml version="1.0" encoding="UTF-8"?>
<GenRun Id="impl_1" LaunchPart="xc7a100tcsg324-1" LaunchTime="1644019220">
  <File Type="BITSTR-BMM" Name="LAB0B_bd.bmm"/>
  <File Type="ROUTE-PWR" Name="LAB0B_power_routed.rpt"/>
  <File Type="PA-TCL" Name="LAB0B.tcl"/>
  <File Type="OPT-DCP" Name="LAB0B_opt.dcp"/>
  <File Type="ROUTE-PWR-SUM" Name="LAB0B_power_summary_routed.pb"/>
  <File Type="REPORTS-TCL" Name="LAB0B_reports.tcl"/>
  <File Type="OPT-DRC" Name="LAB0B_drc_opted.rpt"/>
  <File Type="OPT-HWDEF" Name="LAB0B.hwdef"/>
  <File Type="PWROPT-DCP" Name="LAB0B_pwropt.dcp"/>
  <File Type="PLACE-DCP" Name="LAB0B_placed.dcp"/>
  <File Type="PLACE-IO" Name="LAB0B_io_placed.rpt"/>
  <File Type="PLACE-UTIL" Name="LAB0B_utilization_placed.rpt"/>
  <File Type="PLACE-UTIL-PB" Name="LAB0B_utilization_placed.pb"/>
  <File Type="PLACE-CTRL" Name="LAB0B_control_sets_placed.rpt"/>
  <File Type="PLACE-PRE-SIMILARITY" Name="LAB0B_incremental_reuse_pre_placed.rpt"/>
  <File Type="BG-BGN" Name="LAB0B.bgn"/>
  <File Type="POSTPLACE-PWROPT-DCP" Name="LAB0B_postplace_pwropt.dcp"/>
  <File Type="BG-BIN" Name="LAB0B.bin"/>
  <File Type="PHYSOPT-DCP" Name="LAB0B_physopt.dcp"/>
  <File Type="BITSTR-MSK" Name="LAB0B.msk"/>
  <File Type="ROUTE-ERROR-DCP" Name="LAB0B_routed_error.dcp"/>
  <File Type="ROUTE-DCP" Name="LAB0B_routed.dcp"/>
  <File Type="ROUTE-BLACKBOX-DCP" Name="LAB0B_routed_bb.dcp"/>
  <File Type="ROUTE-DRC" Name="LAB0B_drc_routed.rpt"/>
  <File Type="ROUTE-DRC-PB" Name="LAB0B_drc_routed.pb"/>
  <File Type="BITSTR-LTX" Name="LAB0B.ltx"/>
  <File Type="ROUTE-DRC-RPX" Name="LAB0B_drc_routed.rpx"/>
  <File Type="BITSTR-MMI" Name="LAB0B.mmi"/>
  <File Type="ROUTE-METHODOLOGY-DRC" Name="LAB0B_methodology_drc_routed.rpt"/>
  <File Type="ROUTE-METHODOLOGY-DRC-RPX" Name="LAB0B_methodology_drc_routed.rpx"/>
  <File Type="BITSTR-SYSDEF" Name="LAB0B.sysdef"/>
  <File Type="ROUTE-METHODOLOGY-DRC-PB" Name="LAB0B_methodology_drc_routed.pb"/>
  <File Type="ROUTE-PWR-RPX" Name="LAB0B_power_routed.rpx"/>
  <File Type="ROUTE-STATUS" Name="LAB0B_route_status.rpt"/>
  <File Type="ROUTE-STATUS-PB" Name="LAB0B_route_status.pb"/>
  <File Type="ROUTE-TIMINGSUMMARY" Name="LAB0B_timing_summary_routed.rpt"/>
  <File Type="ROUTE-TIMING-PB" Name="LAB0B_timing_summary_routed.pb"/>
  <File Type="ROUTE-TIMING-RPX" Name="LAB0B_timing_summary_routed.rpx"/>
  <File Type="RDI-RDI" Name="LAB0B.vdi"/>
  <File Type="ROUTE-CLK" Name="LAB0B_clock_utilization_routed.rpt"/>
  <File Type="ROUTE-BUS-SKEW" Name="LAB0B_bus_skew_routed.rpt"/>
  <File Type="ROUTE-BUS-SKEW-PB" Name="LAB0B_bus_skew_routed.pb"/>
  <File Type="ROUTE-BUS-SKEW-RPX" Name="LAB0B_bus_skew_routed.rpx"/>
  <File Type="POSTROUTE-PHYSOPT-DCP" Name="LAB0B_postroute_physopt.dcp"/>
  <File Type="POSTROUTE-PHYSOPT-BLACKBOX-DCP" Name="LAB0B_postroute_physopt_bb.dcp"/>
  <File Type="BG-BIT" Name="LAB0B.bit"/>
  <File Type="BITSTR-RBT" Name="LAB0B.rbt"/>
  <File Type="BITSTR-NKY" Name="LAB0B.nky"/>
  <File Type="BG-DRC" Name="LAB0B.drc"/>
  <File Type="WBT-USG" Name="usage_statistics_webtalk.html"/>
  <FileSet Name="sources" Type="DesignSrcs" RelSrcDir="$PSRCDIR/sources_1">
    <Filter Type="Srcs"/>
    <File Path="$PSRCDIR/sources_1/new/LAB0B.vhd">
      <FileInfo>
        <Attr Name="UsedIn" Val="synthesis"/>
        <Attr Name="UsedIn" Val="simulation"/>
      </FileInfo>
    </File>
    <Config>
      <Option Name="DesignMode" Val="RTL"/>
      <Option Name="TopModule" Val="LAB0B"/>
      <Option Name="TopAutoSet" Val="TRUE"/>
    </Config>
  </FileSet>
  <FileSet Name="constrs_in" Type="Constrs" RelSrcDir="$PSRCDIR/constrs_1">
    <Filter Type="Constrs"/>
    <File Path="$PSRCDIR/constrs_1/new/LAB0B_constr.xdc">
      <FileInfo>
        <Attr Name="UsedIn" Val="synthesis"/>
        <Attr Name="UsedIn" Val="implementation"/>
      </FileInfo>
    </File>
    <Config>
      <Option Name="TargetConstrsFile" Val="$PSRCDIR/constrs_1/new/LAB0B_constr.xdc"/>
      <Option Name="ConstrsType" Val="XDC"/>
    </Config>
  </FileSet>
  <FileSet Name="utils" Type="Utils" RelSrcDir="$PSRCDIR/utils_1">
    <Filter Type="Utils"/>
    <Config>
      <Option Name="TopAutoSet" Val="TRUE"/>
    </Config>
  </FileSet>
  <Strategy Version="1" Minor="2">
    <StratHandle Name="Vivado Implementation Defaults" Flow="Vivado Implementation 2019"/>
    <Step Id="init_design"/>
    <Step Id="opt_design"/>
    <Step Id="power_opt_design"/>
    <Step Id="place_design"/>
    <Step Id="post_place_power_opt_design"/>
    <Step Id="phys_opt_design"/>
    <Step Id="route_design"/>
    <Step Id="post_route_phys_opt_design"/>
    <Step Id="write_bitstream"/>
  </Strategy>
</GenRun>
