<?xml version="1.0" encoding="UTF-8"?>
<GenRun Id="impl_1" LaunchPart="xc7a100tcsg324-1" LaunchTime="1646765225">
  <File Type="ROUTE-PWR" Name="D_Flip_Flop_power_routed.rpt"/>
  <File Type="PA-TCL" Name="D_Flip_Flop.tcl"/>
  <File Type="BITSTR-BMM" Name="D_Flip_Flop_bd.bmm"/>
  <File Type="ROUTE-PWR-SUM" Name="D_Flip_Flop_power_summary_routed.pb"/>
  <File Type="REPORTS-TCL" Name="D_Flip_Flop_reports.tcl"/>
  <File Type="OPT-DCP" Name="D_Flip_Flop_opt.dcp"/>
  <File Type="OPT-DRC" Name="D_Flip_Flop_drc_opted.rpt"/>
  <File Type="OPT-HWDEF" Name="D_Flip_Flop.hwdef"/>
  <File Type="PWROPT-DCP" Name="D_Flip_Flop_pwropt.dcp"/>
  <File Type="PLACE-DCP" Name="D_Flip_Flop_placed.dcp"/>
  <File Type="PLACE-IO" Name="D_Flip_Flop_io_placed.rpt"/>
  <File Type="PLACE-UTIL" Name="D_Flip_Flop_utilization_placed.rpt"/>
  <File Type="PLACE-UTIL-PB" Name="D_Flip_Flop_utilization_placed.pb"/>
  <File Type="PLACE-CTRL" Name="D_Flip_Flop_control_sets_placed.rpt"/>
  <File Type="PLACE-PRE-SIMILARITY" Name="D_Flip_Flop_incremental_reuse_pre_placed.rpt"/>
  <File Type="BG-BGN" Name="D_Flip_Flop.bgn"/>
  <File Type="POSTPLACE-PWROPT-DCP" Name="D_Flip_Flop_postplace_pwropt.dcp"/>
  <File Type="BG-BIN" Name="D_Flip_Flop.bin"/>
  <File Type="PHYSOPT-DCP" Name="D_Flip_Flop_physopt.dcp"/>
  <File Type="BITSTR-MSK" Name="D_Flip_Flop.msk"/>
  <File Type="ROUTE-ERROR-DCP" Name="D_Flip_Flop_routed_error.dcp"/>
  <File Type="ROUTE-DCP" Name="D_Flip_Flop_routed.dcp"/>
  <File Type="ROUTE-BLACKBOX-DCP" Name="D_Flip_Flop_routed_bb.dcp"/>
  <File Type="ROUTE-DRC" Name="D_Flip_Flop_drc_routed.rpt"/>
  <File Type="ROUTE-DRC-PB" Name="D_Flip_Flop_drc_routed.pb"/>
  <File Type="ROUTE-DRC-RPX" Name="D_Flip_Flop_drc_routed.rpx"/>
  <File Type="BITSTR-LTX" Name="D_Flip_Flop.ltx"/>
  <File Type="ROUTE-METHODOLOGY-DRC" Name="D_Flip_Flop_methodology_drc_routed.rpt"/>
  <File Type="BITSTR-MMI" Name="D_Flip_Flop.mmi"/>
  <File Type="ROUTE-METHODOLOGY-DRC-RPX" Name="D_Flip_Flop_methodology_drc_routed.rpx"/>
  <File Type="ROUTE-METHODOLOGY-DRC-PB" Name="D_Flip_Flop_methodology_drc_routed.pb"/>
  <File Type="BITSTR-SYSDEF" Name="D_Flip_Flop.sysdef"/>
  <File Type="ROUTE-PWR-RPX" Name="D_Flip_Flop_power_routed.rpx"/>
  <File Type="ROUTE-STATUS" Name="D_Flip_Flop_route_status.rpt"/>
  <File Type="ROUTE-STATUS-PB" Name="D_Flip_Flop_route_status.pb"/>
  <File Type="ROUTE-TIMINGSUMMARY" Name="D_Flip_Flop_timing_summary_routed.rpt"/>
  <File Type="ROUTE-TIMING-PB" Name="D_Flip_Flop_timing_summary_routed.pb"/>
  <File Type="ROUTE-TIMING-RPX" Name="D_Flip_Flop_timing_summary_routed.rpx"/>
  <File Type="ROUTE-CLK" Name="D_Flip_Flop_clock_utilization_routed.rpt"/>
  <File Type="ROUTE-BUS-SKEW" Name="D_Flip_Flop_bus_skew_routed.rpt"/>
  <File Type="ROUTE-BUS-SKEW-PB" Name="D_Flip_Flop_bus_skew_routed.pb"/>
  <File Type="ROUTE-BUS-SKEW-RPX" Name="D_Flip_Flop_bus_skew_routed.rpx"/>
  <File Type="POSTROUTE-PHYSOPT-DCP" Name="D_Flip_Flop_postroute_physopt.dcp"/>
  <File Type="POSTROUTE-PHYSOPT-BLACKBOX-DCP" Name="D_Flip_Flop_postroute_physopt_bb.dcp"/>
  <File Type="BG-BIT" Name="D_Flip_Flop.bit"/>
  <File Type="BITSTR-RBT" Name="D_Flip_Flop.rbt"/>
  <File Type="BITSTR-NKY" Name="D_Flip_Flop.nky"/>
  <File Type="BG-DRC" Name="D_Flip_Flop.drc"/>
  <File Type="RDI-RDI" Name="D_Flip_Flop.vdi"/>
  <File Type="WBT-USG" Name="usage_statistics_webtalk.html"/>
  <FileSet Name="sources" Type="DesignSrcs" RelSrcDir="$PSRCDIR/sources_1">
    <Filter Type="Srcs"/>
    <File Path="$PSRCDIR/sources_1/new/D_Flip_Flop.vhd">
      <FileInfo>
        <Attr Name="UsedIn" Val="synthesis"/>
        <Attr Name="UsedIn" Val="simulation"/>
      </FileInfo>
    </File>
    <Config>
      <Option Name="DesignMode" Val="RTL"/>
      <Option Name="TopModule" Val="D_Flip_Flop"/>
      <Option Name="TopAutoSet" Val="TRUE"/>
    </Config>
  </FileSet>
  <FileSet Name="constrs_in" Type="Constrs" RelSrcDir="$PSRCDIR/constrs_1">
    <Filter Type="Constrs"/>
    <File Path="$PSRCDIR/constrs_1/new/D_Flip_Flop_constr.xdc">
      <FileInfo>
        <Attr Name="UsedIn" Val="synthesis"/>
        <Attr Name="UsedIn" Val="implementation"/>
      </FileInfo>
    </File>
    <Config>
      <Option Name="TargetConstrsFile" Val="$PSRCDIR/constrs_1/new/D_Flip_Flop_constr.xdc"/>
      <Option Name="ConstrsType" Val="XDC"/>
    </Config>
  </FileSet>
  <FileSet Name="utils" Type="Utils" RelSrcDir="$PSRCDIR/utils_1">
    <Filter Type="Utils"/>
    <Config>
      <Option Name="TopAutoSet" Val="TRUE"/>
    </Config>
  </FileSet>
  <Strategy Version="1" Minor="2">
    <StratHandle Name="Vivado Implementation Defaults" Flow="Vivado Implementation 2019"/>
    <Step Id="init_design"/>
    <Step Id="opt_design"/>
    <Step Id="power_opt_design"/>
    <Step Id="place_design"/>
    <Step Id="post_place_power_opt_design"/>
    <Step Id="phys_opt_design"/>
    <Step Id="route_design"/>
    <Step Id="post_route_phys_opt_design"/>
    <Step Id="write_bitstream"/>
  </Strategy>
</GenRun>
