<?xml version="1.0" encoding="UTF-8"?>
<GenRun Id="impl_1" LaunchPart="xc7a100tcsg324-1" LaunchTime="1646728098">
  <File Type="BITSTR-BMM" Name="Lab3_bd.bmm"/>
  <File Type="ROUTE-PWR" Name="Lab3_power_routed.rpt"/>
  <File Type="PA-TCL" Name="Lab3.tcl"/>
  <File Type="OPT-DCP" Name="Lab3_opt.dcp"/>
  <File Type="ROUTE-PWR-SUM" Name="Lab3_power_summary_routed.pb"/>
  <File Type="REPORTS-TCL" Name="Lab3_reports.tcl"/>
  <File Type="OPT-DRC" Name="Lab3_drc_opted.rpt"/>
  <File Type="OPT-HWDEF" Name="Lab3.hwdef"/>
  <File Type="PWROPT-DCP" Name="Lab3_pwropt.dcp"/>
  <File Type="PLACE-DCP" Name="Lab3_placed.dcp"/>
  <File Type="PLACE-IO" Name="Lab3_io_placed.rpt"/>
  <File Type="PLACE-UTIL" Name="Lab3_utilization_placed.rpt"/>
  <File Type="PLACE-UTIL-PB" Name="Lab3_utilization_placed.pb"/>
  <File Type="PLACE-CTRL" Name="Lab3_control_sets_placed.rpt"/>
  <File Type="PLACE-PRE-SIMILARITY" Name="Lab3_incremental_reuse_pre_placed.rpt"/>
  <File Type="BG-BGN" Name="Lab3.bgn"/>
  <File Type="POSTPLACE-PWROPT-DCP" Name="Lab3_postplace_pwropt.dcp"/>
  <File Type="BG-BIN" Name="Lab3.bin"/>
  <File Type="PHYSOPT-DCP" Name="Lab3_physopt.dcp"/>
  <File Type="BITSTR-MSK" Name="Lab3.msk"/>
  <File Type="ROUTE-ERROR-DCP" Name="Lab3_routed_error.dcp"/>
  <File Type="ROUTE-DCP" Name="Lab3_routed.dcp"/>
  <File Type="ROUTE-BLACKBOX-DCP" Name="Lab3_routed_bb.dcp"/>
  <File Type="ROUTE-DRC" Name="Lab3_drc_routed.rpt"/>
  <File Type="ROUTE-DRC-PB" Name="Lab3_drc_routed.pb"/>
  <File Type="BITSTR-LTX" Name="Lab3.ltx"/>
  <File Type="ROUTE-DRC-RPX" Name="Lab3_drc_routed.rpx"/>
  <File Type="BITSTR-MMI" Name="Lab3.mmi"/>
  <File Type="ROUTE-METHODOLOGY-DRC" Name="Lab3_methodology_drc_routed.rpt"/>
  <File Type="ROUTE-METHODOLOGY-DRC-RPX" Name="Lab3_methodology_drc_routed.rpx"/>
  <File Type="BITSTR-SYSDEF" Name="Lab3.sysdef"/>
  <File Type="ROUTE-METHODOLOGY-DRC-PB" Name="Lab3_methodology_drc_routed.pb"/>
  <File Type="ROUTE-PWR-RPX" Name="Lab3_power_routed.rpx"/>
  <File Type="ROUTE-STATUS" Name="Lab3_route_status.rpt"/>
  <File Type="ROUTE-STATUS-PB" Name="Lab3_route_status.pb"/>
  <File Type="ROUTE-TIMINGSUMMARY" Name="Lab3_timing_summary_routed.rpt"/>
  <File Type="ROUTE-TIMING-PB" Name="Lab3_timing_summary_routed.pb"/>
  <File Type="ROUTE-TIMING-RPX" Name="Lab3_timing_summary_routed.rpx"/>
  <File Type="RDI-RDI" Name="Lab3.vdi"/>
  <File Type="ROUTE-CLK" Name="Lab3_clock_utilization_routed.rpt"/>
  <File Type="ROUTE-BUS-SKEW" Name="Lab3_bus_skew_routed.rpt"/>
  <File Type="ROUTE-BUS-SKEW-PB" Name="Lab3_bus_skew_routed.pb"/>
  <File Type="ROUTE-BUS-SKEW-RPX" Name="Lab3_bus_skew_routed.rpx"/>
  <File Type="POSTROUTE-PHYSOPT-DCP" Name="Lab3_postroute_physopt.dcp"/>
  <File Type="POSTROUTE-PHYSOPT-BLACKBOX-DCP" Name="Lab3_postroute_physopt_bb.dcp"/>
  <File Type="BG-BIT" Name="Lab3.bit"/>
  <File Type="BITSTR-RBT" Name="Lab3.rbt"/>
  <File Type="BITSTR-NKY" Name="Lab3.nky"/>
  <File Type="BG-DRC" Name="Lab3.drc"/>
  <File Type="WBT-USG" Name="usage_statistics_webtalk.html"/>
  <FileSet Name="sources" Type="DesignSrcs" RelSrcDir="$PSRCDIR/sources_1">
    <Filter Type="Srcs"/>
    <File Path="$PPRDIR/../Display/Display.srcs/sources_1/new/Display.vhd">
      <FileInfo>
        <Attr Name="UsedIn" Val="synthesis"/>
        <Attr Name="UsedIn" Val="simulation"/>
      </FileInfo>
    </File>
    <File Path="$PPRDIR/../LAB3A/LAB3A.srcs/sources_1/new/LAB3A.vhd">
      <FileInfo>
        <Attr Name="UsedIn" Val="synthesis"/>
        <Attr Name="UsedIn" Val="simulation"/>
      </FileInfo>
    </File>
    <File Path="$PPRDIR/../Multiplexer/Multiplexer.srcs/sources_1/new/Multiplexer.vhd">
      <FileInfo>
        <Attr Name="UsedIn" Val="synthesis"/>
        <Attr Name="UsedIn" Val="simulation"/>
      </FileInfo>
    </File>
    <File Path="$PSRCDIR/sources_1/new/Lab3.vhd">
      <FileInfo>
        <Attr Name="UsedIn" Val="synthesis"/>
        <Attr Name="UsedIn" Val="simulation"/>
      </FileInfo>
    </File>
    <Config>
      <Option Name="DesignMode" Val="RTL"/>
      <Option Name="TopModule" Val="Lab3"/>
      <Option Name="TopAutoSet" Val="TRUE"/>
    </Config>
  </FileSet>
  <FileSet Name="constrs_in" Type="Constrs" RelSrcDir="$PSRCDIR/constrs_1">
    <Filter Type="Constrs"/>
    <File Path="$PSRCDIR/constrs_1/new/LAB3_constr.xdc">
      <FileInfo>
        <Attr Name="UsedIn" Val="synthesis"/>
        <Attr Name="UsedIn" Val="implementation"/>
      </FileInfo>
    </File>
    <Config>
      <Option Name="TargetConstrsFile" Val="$PSRCDIR/constrs_1/new/LAB3_constr.xdc"/>
      <Option Name="ConstrsType" Val="XDC"/>
    </Config>
  </FileSet>
  <FileSet Name="utils" Type="Utils" RelSrcDir="$PSRCDIR/utils_1">
    <Filter Type="Utils"/>
    <Config>
      <Option Name="TopAutoSet" Val="TRUE"/>
    </Config>
  </FileSet>
  <Strategy Version="1" Minor="2">
    <StratHandle Name="Vivado Implementation Defaults" Flow="Vivado Implementation 2019"/>
    <Step Id="init_design"/>
    <Step Id="opt_design"/>
    <Step Id="power_opt_design"/>
    <Step Id="place_design"/>
    <Step Id="post_place_power_opt_design"/>
    <Step Id="phys_opt_design"/>
    <Step Id="route_design"/>
    <Step Id="post_route_phys_opt_design"/>
    <Step Id="write_bitstream"/>
  </Strategy>
</GenRun>
