<?xml version="1.0" encoding="UTF-8"?>
<GenRun Id="impl_1" LaunchPart="xc7a100tcsg324-1" LaunchTime="1644951254">
  <File Type="ROUTE-PWR" Name="LAB2A_power_routed.rpt"/>
  <File Type="PA-TCL" Name="LAB2A.tcl"/>
  <File Type="BITSTR-BMM" Name="LAB2A_bd.bmm"/>
  <File Type="ROUTE-PWR-SUM" Name="LAB2A_power_summary_routed.pb"/>
  <File Type="REPORTS-TCL" Name="LAB2A_reports.tcl"/>
  <File Type="OPT-DCP" Name="LAB2A_opt.dcp"/>
  <File Type="OPT-DRC" Name="LAB2A_drc_opted.rpt"/>
  <File Type="OPT-HWDEF" Name="LAB2A.hwdef"/>
  <File Type="PWROPT-DCP" Name="LAB2A_pwropt.dcp"/>
  <File Type="PLACE-DCP" Name="LAB2A_placed.dcp"/>
  <File Type="PLACE-IO" Name="LAB2A_io_placed.rpt"/>
  <File Type="PLACE-UTIL" Name="LAB2A_utilization_placed.rpt"/>
  <File Type="PLACE-UTIL-PB" Name="LAB2A_utilization_placed.pb"/>
  <File Type="PLACE-CTRL" Name="LAB2A_control_sets_placed.rpt"/>
  <File Type="PLACE-PRE-SIMILARITY" Name="LAB2A_incremental_reuse_pre_placed.rpt"/>
  <File Type="BG-BGN" Name="LAB2A.bgn"/>
  <File Type="POSTPLACE-PWROPT-DCP" Name="LAB2A_postplace_pwropt.dcp"/>
  <File Type="BG-BIN" Name="LAB2A.bin"/>
  <File Type="PHYSOPT-DCP" Name="LAB2A_physopt.dcp"/>
  <File Type="BITSTR-MSK" Name="LAB2A.msk"/>
  <File Type="ROUTE-ERROR-DCP" Name="LAB2A_routed_error.dcp"/>
  <File Type="ROUTE-DCP" Name="LAB2A_routed.dcp"/>
  <File Type="ROUTE-BLACKBOX-DCP" Name="LAB2A_routed_bb.dcp"/>
  <File Type="ROUTE-DRC" Name="LAB2A_drc_routed.rpt"/>
  <File Type="ROUTE-DRC-PB" Name="LAB2A_drc_routed.pb"/>
  <File Type="ROUTE-DRC-RPX" Name="LAB2A_drc_routed.rpx"/>
  <File Type="BITSTR-LTX" Name="LAB2A.ltx"/>
  <File Type="ROUTE-METHODOLOGY-DRC" Name="LAB2A_methodology_drc_routed.rpt"/>
  <File Type="BITSTR-MMI" Name="LAB2A.mmi"/>
  <File Type="ROUTE-METHODOLOGY-DRC-RPX" Name="LAB2A_methodology_drc_routed.rpx"/>
  <File Type="ROUTE-METHODOLOGY-DRC-PB" Name="LAB2A_methodology_drc_routed.pb"/>
  <File Type="BITSTR-SYSDEF" Name="LAB2A.sysdef"/>
  <File Type="ROUTE-PWR-RPX" Name="LAB2A_power_routed.rpx"/>
  <File Type="ROUTE-STATUS" Name="LAB2A_route_status.rpt"/>
  <File Type="ROUTE-STATUS-PB" Name="LAB2A_route_status.pb"/>
  <File Type="ROUTE-TIMINGSUMMARY" Name="LAB2A_timing_summary_routed.rpt"/>
  <File Type="ROUTE-TIMING-PB" Name="LAB2A_timing_summary_routed.pb"/>
  <File Type="ROUTE-TIMING-RPX" Name="LAB2A_timing_summary_routed.rpx"/>
  <File Type="ROUTE-CLK" Name="LAB2A_clock_utilization_routed.rpt"/>
  <File Type="ROUTE-BUS-SKEW" Name="LAB2A_bus_skew_routed.rpt"/>
  <File Type="ROUTE-BUS-SKEW-PB" Name="LAB2A_bus_skew_routed.pb"/>
  <File Type="ROUTE-BUS-SKEW-RPX" Name="LAB2A_bus_skew_routed.rpx"/>
  <File Type="POSTROUTE-PHYSOPT-DCP" Name="LAB2A_postroute_physopt.dcp"/>
  <File Type="POSTROUTE-PHYSOPT-BLACKBOX-DCP" Name="LAB2A_postroute_physopt_bb.dcp"/>
  <File Type="BG-BIT" Name="LAB2A.bit"/>
  <File Type="BITSTR-RBT" Name="LAB2A.rbt"/>
  <File Type="BITSTR-NKY" Name="LAB2A.nky"/>
  <File Type="BG-DRC" Name="LAB2A.drc"/>
  <File Type="RDI-RDI" Name="LAB2A.vdi"/>
  <File Type="WBT-USG" Name="usage_statistics_webtalk.html"/>
  <FileSet Name="sources" Type="DesignSrcs" RelSrcDir="$PSRCDIR/sources_1">
    <Filter Type="Srcs"/>
    <File Path="$PSRCDIR/sources_1/new/LAB2A.vhd">
      <FileInfo>
        <Attr Name="UsedIn" Val="synthesis"/>
        <Attr Name="UsedIn" Val="simulation"/>
      </FileInfo>
    </File>
    <Config>
      <Option Name="DesignMode" Val="RTL"/>
      <Option Name="TopModule" Val="LAB2A"/>
      <Option Name="TopAutoSet" Val="TRUE"/>
    </Config>
  </FileSet>
  <FileSet Name="constrs_in" Type="Constrs" RelSrcDir="$PSRCDIR/constrs_1">
    <Filter Type="Constrs"/>
    <File Path="$PSRCDIR/constrs_1/new/LAB2A_constr.xdc">
      <FileInfo>
        <Attr Name="UsedIn" Val="synthesis"/>
        <Attr Name="UsedIn" Val="implementation"/>
      </FileInfo>
    </File>
    <Config>
      <Option Name="TargetConstrsFile" Val="$PSRCDIR/constrs_1/new/LAB2A_constr.xdc"/>
      <Option Name="ConstrsType" Val="XDC"/>
    </Config>
  </FileSet>
  <FileSet Name="utils" Type="Utils" RelSrcDir="$PSRCDIR/utils_1">
    <Filter Type="Utils"/>
    <Config>
      <Option Name="TopAutoSet" Val="TRUE"/>
    </Config>
  </FileSet>
  <Strategy Version="1" Minor="2">
    <StratHandle Name="Vivado Implementation Defaults" Flow="Vivado Implementation 2019"/>
    <Step Id="init_design"/>
    <Step Id="opt_design"/>
    <Step Id="power_opt_design"/>
    <Step Id="place_design"/>
    <Step Id="post_place_power_opt_design"/>
    <Step Id="phys_opt_design"/>
    <Step Id="route_design"/>
    <Step Id="post_route_phys_opt_design"/>
    <Step Id="write_bitstream"/>
  </Strategy>
</GenRun>
