<?xml version="1.0" encoding="UTF-8"?>
<GenRun Id="impl_1" LaunchPart="xc7a100tcsg324-1" LaunchTime="1646769739">
  <File Type="ROUTE-PWR" Name="Eight_bit_reg_power_routed.rpt"/>
  <File Type="PA-TCL" Name="Eight_bit_reg.tcl"/>
  <File Type="BITSTR-BMM" Name="Eight_bit_reg_bd.bmm"/>
  <File Type="ROUTE-PWR-SUM" Name="Eight_bit_reg_power_summary_routed.pb"/>
  <File Type="REPORTS-TCL" Name="Eight_bit_reg_reports.tcl"/>
  <File Type="OPT-DCP" Name="Eight_bit_reg_opt.dcp"/>
  <File Type="OPT-DRC" Name="Eight_bit_reg_drc_opted.rpt"/>
  <File Type="OPT-HWDEF" Name="Eight_bit_reg.hwdef"/>
  <File Type="PWROPT-DCP" Name="Eight_bit_reg_pwropt.dcp"/>
  <File Type="PLACE-DCP" Name="Eight_bit_reg_placed.dcp"/>
  <File Type="PLACE-IO" Name="Eight_bit_reg_io_placed.rpt"/>
  <File Type="PLACE-UTIL" Name="Eight_bit_reg_utilization_placed.rpt"/>
  <File Type="PLACE-UTIL-PB" Name="Eight_bit_reg_utilization_placed.pb"/>
  <File Type="PLACE-CTRL" Name="Eight_bit_reg_control_sets_placed.rpt"/>
  <File Type="PLACE-PRE-SIMILARITY" Name="Eight_bit_reg_incremental_reuse_pre_placed.rpt"/>
  <File Type="BG-BGN" Name="Eight_bit_reg.bgn"/>
  <File Type="POSTPLACE-PWROPT-DCP" Name="Eight_bit_reg_postplace_pwropt.dcp"/>
  <File Type="BG-BIN" Name="Eight_bit_reg.bin"/>
  <File Type="PHYSOPT-DCP" Name="Eight_bit_reg_physopt.dcp"/>
  <File Type="BITSTR-MSK" Name="Eight_bit_reg.msk"/>
  <File Type="ROUTE-ERROR-DCP" Name="Eight_bit_reg_routed_error.dcp"/>
  <File Type="ROUTE-DCP" Name="Eight_bit_reg_routed.dcp"/>
  <File Type="ROUTE-BLACKBOX-DCP" Name="Eight_bit_reg_routed_bb.dcp"/>
  <File Type="ROUTE-DRC" Name="Eight_bit_reg_drc_routed.rpt"/>
  <File Type="ROUTE-DRC-PB" Name="Eight_bit_reg_drc_routed.pb"/>
  <File Type="ROUTE-DRC-RPX" Name="Eight_bit_reg_drc_routed.rpx"/>
  <File Type="BITSTR-LTX" Name="Eight_bit_reg.ltx"/>
  <File Type="ROUTE-METHODOLOGY-DRC" Name="Eight_bit_reg_methodology_drc_routed.rpt"/>
  <File Type="BITSTR-MMI" Name="Eight_bit_reg.mmi"/>
  <File Type="ROUTE-METHODOLOGY-DRC-RPX" Name="Eight_bit_reg_methodology_drc_routed.rpx"/>
  <File Type="ROUTE-METHODOLOGY-DRC-PB" Name="Eight_bit_reg_methodology_drc_routed.pb"/>
  <File Type="BITSTR-SYSDEF" Name="Eight_bit_reg.sysdef"/>
  <File Type="ROUTE-PWR-RPX" Name="Eight_bit_reg_power_routed.rpx"/>
  <File Type="ROUTE-STATUS" Name="Eight_bit_reg_route_status.rpt"/>
  <File Type="ROUTE-STATUS-PB" Name="Eight_bit_reg_route_status.pb"/>
  <File Type="ROUTE-TIMINGSUMMARY" Name="Eight_bit_reg_timing_summary_routed.rpt"/>
  <File Type="ROUTE-TIMING-PB" Name="Eight_bit_reg_timing_summary_routed.pb"/>
  <File Type="ROUTE-TIMING-RPX" Name="Eight_bit_reg_timing_summary_routed.rpx"/>
  <File Type="ROUTE-CLK" Name="Eight_bit_reg_clock_utilization_routed.rpt"/>
  <File Type="ROUTE-BUS-SKEW" Name="Eight_bit_reg_bus_skew_routed.rpt"/>
  <File Type="ROUTE-BUS-SKEW-PB" Name="Eight_bit_reg_bus_skew_routed.pb"/>
  <File Type="ROUTE-BUS-SKEW-RPX" Name="Eight_bit_reg_bus_skew_routed.rpx"/>
  <File Type="POSTROUTE-PHYSOPT-DCP" Name="Eight_bit_reg_postroute_physopt.dcp"/>
  <File Type="POSTROUTE-PHYSOPT-BLACKBOX-DCP" Name="Eight_bit_reg_postroute_physopt_bb.dcp"/>
  <File Type="BG-BIT" Name="Eight_bit_reg.bit"/>
  <File Type="BITSTR-RBT" Name="Eight_bit_reg.rbt"/>
  <File Type="BITSTR-NKY" Name="Eight_bit_reg.nky"/>
  <File Type="BG-DRC" Name="Eight_bit_reg.drc"/>
  <File Type="RDI-RDI" Name="Eight_bit_reg.vdi"/>
  <File Type="WBT-USG" Name="usage_statistics_webtalk.html"/>
  <FileSet Name="sources" Type="DesignSrcs" RelSrcDir="$PSRCDIR/sources_1">
    <Filter Type="Srcs"/>
    <File Path="$PSRCDIR/sources_1/new/Eight_bit_reg.vhd">
      <FileInfo>
        <Attr Name="UsedIn" Val="synthesis"/>
        <Attr Name="UsedIn" Val="simulation"/>
      </FileInfo>
    </File>
    <Config>
      <Option Name="DesignMode" Val="RTL"/>
      <Option Name="TopModule" Val="Eight_bit_reg"/>
      <Option Name="TopAutoSet" Val="TRUE"/>
    </Config>
  </FileSet>
  <FileSet Name="constrs_in" Type="Constrs" RelSrcDir="$PSRCDIR/constrs_1">
    <Filter Type="Constrs"/>
    <File Path="$PSRCDIR/constrs_1/new/Eight_bit_constr.xdc">
      <FileInfo>
        <Attr Name="UsedIn" Val="synthesis"/>
        <Attr Name="UsedIn" Val="implementation"/>
      </FileInfo>
    </File>
    <Config>
      <Option Name="TargetConstrsFile" Val="$PSRCDIR/constrs_1/new/Eight_bit_constr.xdc"/>
      <Option Name="ConstrsType" Val="XDC"/>
    </Config>
  </FileSet>
  <FileSet Name="utils" Type="Utils" RelSrcDir="$PSRCDIR/utils_1">
    <Filter Type="Utils"/>
    <Config>
      <Option Name="TopAutoSet" Val="TRUE"/>
    </Config>
  </FileSet>
  <Strategy Version="1" Minor="2">
    <StratHandle Name="Vivado Implementation Defaults" Flow="Vivado Implementation 2019"/>
    <Step Id="init_design"/>
    <Step Id="opt_design"/>
    <Step Id="power_opt_design"/>
    <Step Id="place_design"/>
    <Step Id="post_place_power_opt_design"/>
    <Step Id="phys_opt_design"/>
    <Step Id="route_design"/>
    <Step Id="post_route_phys_opt_design"/>
    <Step Id="write_bitstream"/>
  </Strategy>
</GenRun>
