<?xml version="1.0" encoding="UTF-8"?>
<GenRun Id="impl_1" LaunchPart="xc7a100tcsg324-1" LaunchTime="1645557401">
  <File Type="BITSTR-BMM" Name="Lab2C_bd.bmm"/>
  <File Type="OPT-METHODOLOGY-DRC" Name="Lab2C_methodology_drc_opted.rpt"/>
  <File Type="INIT-TIMING" Name="Lab2C_timing_summary_init.rpt"/>
  <File Type="ROUTE-PWR" Name="Lab2C_power_routed.rpt"/>
  <File Type="PA-TCL" Name="Lab2C.tcl"/>
  <File Type="OPT-TIMING" Name="Lab2C_timing_summary_opted.rpt"/>
  <File Type="OPT-DCP" Name="Lab2C_opt.dcp"/>
  <File Type="ROUTE-PWR-SUM" Name="Lab2C_power_summary_routed.pb"/>
  <File Type="REPORTS-TCL" Name="Lab2C_reports.tcl"/>
  <File Type="OPT-DRC" Name="Lab2C_drc_opted.rpt"/>
  <File Type="OPT-HWDEF" Name="Lab2C.hwdef"/>
  <File Type="PWROPT-DCP" Name="Lab2C_pwropt.dcp"/>
  <File Type="PWROPT-DRC" Name="Lab2C_drc_pwropted.rpt"/>
  <File Type="PWROPT-TIMING" Name="Lab2C_timing_summary_pwropted.rpt"/>
  <File Type="PLACE-DCP" Name="Lab2C_placed.dcp"/>
  <File Type="PLACE-IO" Name="Lab2C_io_placed.rpt"/>
  <File Type="PLACE-CLK" Name="Lab2C_clock_utilization_placed.rpt"/>
  <File Type="PLACE-UTIL" Name="Lab2C_utilization_placed.rpt"/>
  <File Type="PLACE-UTIL-PB" Name="Lab2C_utilization_placed.pb"/>
  <File Type="PLACE-CTRL" Name="Lab2C_control_sets_placed.rpt"/>
  <File Type="PLACE-SIMILARITY" Name="Lab2C_incremental_reuse_placed.rpt"/>
  <File Type="PLACE-PRE-SIMILARITY" Name="Lab2C_incremental_reuse_pre_placed.rpt"/>
  <File Type="BG-BGN" Name="Lab2C.bgn"/>
  <File Type="PLACE-TIMING" Name="Lab2C_timing_summary_placed.rpt"/>
  <File Type="POSTPLACE-PWROPT-DCP" Name="Lab2C_postplace_pwropt.dcp"/>
  <File Type="BG-BIN" Name="Lab2C.bin"/>
  <File Type="POSTPLACE-PWROPT-TIMING" Name="Lab2C_timing_summary_postplace_pwropted.rpt"/>
  <File Type="PHYSOPT-DCP" Name="Lab2C_physopt.dcp"/>
  <File Type="PHYSOPT-DRC" Name="Lab2C_drc_physopted.rpt"/>
  <File Type="BITSTR-MSK" Name="Lab2C.msk"/>
  <File Type="PHYSOPT-TIMING" Name="Lab2C_timing_summary_physopted.rpt"/>
  <File Type="ROUTE-ERROR-DCP" Name="Lab2C_routed_error.dcp"/>
  <File Type="ROUTE-DCP" Name="Lab2C_routed.dcp"/>
  <File Type="ROUTE-BLACKBOX-DCP" Name="Lab2C_routed_bb.dcp"/>
  <File Type="ROUTE-DRC" Name="Lab2C_drc_routed.rpt"/>
  <File Type="ROUTE-DRC-PB" Name="Lab2C_drc_routed.pb"/>
  <File Type="BITSTR-LTX" Name="debug_nets.ltx"/>
  <File Type="BITSTR-LTX" Name="Lab2C.ltx"/>
  <File Type="ROUTE-DRC-RPX" Name="Lab2C_drc_routed.rpx"/>
  <File Type="BITSTR-MMI" Name="Lab2C.mmi"/>
  <File Type="ROUTE-METHODOLOGY-DRC" Name="Lab2C_methodology_drc_routed.rpt"/>
  <File Type="ROUTE-METHODOLOGY-DRC-RPX" Name="Lab2C_methodology_drc_routed.rpx"/>
  <File Type="BITSTR-SYSDEF" Name="Lab2C.sysdef"/>
  <File Type="ROUTE-METHODOLOGY-DRC-PB" Name="Lab2C_methodology_drc_routed.pb"/>
  <File Type="ROUTE-PWR-RPX" Name="Lab2C_power_routed.rpx"/>
  <File Type="ROUTE-STATUS" Name="Lab2C_route_status.rpt"/>
  <File Type="ROUTE-STATUS-PB" Name="Lab2C_route_status.pb"/>
  <File Type="ROUTE-TIMINGSUMMARY" Name="Lab2C_timing_summary_routed.rpt"/>
  <File Type="ROUTE-TIMING-PB" Name="Lab2C_timing_summary_routed.pb"/>
  <File Type="ROUTE-TIMING-RPX" Name="Lab2C_timing_summary_routed.rpx"/>
  <File Type="ROUTE-SIMILARITY" Name="Lab2C_incremental_reuse_routed.rpt"/>
  <File Type="ROUTE-CLK" Name="Lab2C_clock_utilization_routed.rpt"/>
  <File Type="ROUTE-BUS-SKEW" Name="Lab2C_bus_skew_routed.rpt"/>
  <File Type="ROUTE-BUS-SKEW-PB" Name="Lab2C_bus_skew_routed.pb"/>
  <File Type="ROUTE-BUS-SKEW-RPX" Name="Lab2C_bus_skew_routed.rpx"/>
  <File Type="POSTROUTE-PHYSOPT-DCP" Name="Lab2C_postroute_physopt.dcp"/>
  <File Type="POSTROUTE-PHYSOPT-BLACKBOX-DCP" Name="Lab2C_postroute_physopt_bb.dcp"/>
  <File Type="POSTROUTE-PHYSOPT-TIMING" Name="Lab2C_timing_summary_postroute_physopted.rpt"/>
  <File Type="POSTROUTE-PHYSOPT-TIMING-PB" Name="Lab2C_timing_summary_postroute_physopted.pb"/>
  <File Type="POSTROUTE-PHYSOPT-TIMING-RPX" Name="Lab2C_timing_summary_postroute_physopted.rpx"/>
  <File Type="POSTROUTE-PHYSOPT-BUS-SKEW" Name="Lab2C_bus_skew_postroute_physopted.rpt"/>
  <File Type="POSTROUTE-PHYSOPT-BUS-SKEW-PB" Name="Lab2C_bus_skew_postroute_physopted.pb"/>
  <File Type="BG-BIT" Name="Lab2C.bit"/>
  <File Type="POSTROUTE-PHYSOPT-BUS-SKEW-RPX" Name="Lab2C_bus_skew_postroute_physopted.rpx"/>
  <File Type="BITSTR-RBT" Name="Lab2C.rbt"/>
  <File Type="BITSTR-NKY" Name="Lab2C.nky"/>
  <File Type="BG-DRC" Name="Lab2C.drc"/>
  <File Type="RDI-RDI" Name="Lab2C.vdi"/>
  <File Type="WBT-USG" Name="usage_statistics_webtalk.html"/>
  <FileSet Name="sources" Type="DesignSrcs" RelSrcDir="$PSRCDIR/sources_1">
    <Filter Type="Srcs"/>
    <File Path="$PPRDIR/../Lab2/Lab2.srcs/sources_1/new/LAB2A.vhd">
      <FileInfo>
        <Attr Name="UsedIn" Val="synthesis"/>
        <Attr Name="UsedIn" Val="simulation"/>
      </FileInfo>
    </File>
    <File Path="$PPRDIR/../LAB2B/LAB2B.srcs/sources_1/new/LAB2B.vhd">
      <FileInfo>
        <Attr Name="UsedIn" Val="synthesis"/>
        <Attr Name="UsedIn" Val="simulation"/>
      </FileInfo>
    </File>
    <File Path="$PSRCDIR/sources_1/new/Lab2C.vhd">
      <FileInfo>
        <Attr Name="UsedIn" Val="synthesis"/>
        <Attr Name="UsedIn" Val="simulation"/>
      </FileInfo>
    </File>
    <Config>
      <Option Name="DesignMode" Val="RTL"/>
      <Option Name="TopModule" Val="Lab2C"/>
      <Option Name="TopAutoSet" Val="TRUE"/>
    </Config>
  </FileSet>
  <FileSet Name="constrs_in" Type="Constrs" RelSrcDir="$PSRCDIR/constrs_1">
    <Filter Type="Constrs"/>
    <File Path="$PSRCDIR/constrs_1/new/Lab2C_constr.xdc">
      <FileInfo>
        <Attr Name="UsedIn" Val="synthesis"/>
        <Attr Name="UsedIn" Val="implementation"/>
      </FileInfo>
    </File>
    <Config>
      <Option Name="TargetConstrsFile" Val="$PSRCDIR/constrs_1/new/Lab2C_constr.xdc"/>
      <Option Name="ConstrsType" Val="XDC"/>
    </Config>
  </FileSet>
  <FileSet Name="utils" Type="Utils" RelSrcDir="$PSRCDIR/utils_1">
    <Filter Type="Utils"/>
    <Config>
      <Option Name="TopAutoSet" Val="TRUE"/>
    </Config>
  </FileSet>
  <Strategy Version="1" Minor="2">
    <StratHandle Name="Vivado Implementation Defaults" Flow="Vivado Implementation 2019"/>
    <Step Id="init_design"/>
    <Step Id="opt_design"/>
    <Step Id="power_opt_design"/>
    <Step Id="place_design"/>
    <Step Id="post_place_power_opt_design"/>
    <Step Id="phys_opt_design"/>
    <Step Id="route_design"/>
    <Step Id="post_route_phys_opt_design"/>
    <Step Id="write_bitstream"/>
  </Strategy>
</GenRun>
